HobbyEnjoyment,HobbyPortfolio,HobbyVolunteer,HobbyShareMessages,HobbyBuildSkills
Very True of Me,Very True of Me,True of me,Very True of Me,Very True of Me
Very True of Me,Very True of Me,Very Untrue of Me,True of me,Very True of Me
Very True of Me,True of me,Untrue of Me,True of me,Very True of Me
Very True of Me,Untrue of Me,Very True of Me,Very True of Me,Very True of Me
Very True of Me,Very True of Me,True of me,True of me,Very True of Me
Very True of Me,Very Untrue of Me,Very True of Me,True of me,Neutral
True of me,Very True of Me,Neutral,Neutral,Very True of Me
True of me,True of me,Neutral,Very True of Me,Very True of Me
Very True of Me,True of me,Very Untrue of Me,True of me,Very True of Me
Very True of Me,Neutral,Neutral,Neutral,Very True of Me
Very True of Me,True of me,Very True of Me,Very True of Me,Very True of Me
True of me,True of me,True of me,Neutral,Very True of Me
True of me,True of me,Untrue of Me,Untrue of Me,True of me
Very True of Me,Very True of Me,True of me,Very True of Me,True of me
Very True of Me,Very True of Me,Very True of Me,Very True of Me,Very True of Me
Very True of Me,True of me,Neutral,Very True of Me,Very True of Me
Very True of Me,Very True of Me,Untrue of Me,True of me,True of me
Very True of Me,Neutral,Very True of Me,Very True of Me,Very True of Me
True of me,Neutral,Untrue of Me,Neutral,True of me
True of me,True of me,Very Untrue of Me,True of me,Neutral
True of me,Very True of Me,Neutral,Untrue of Me,Very True of Me
True of me,Very True of Me,Untrue of Me,True of me,Very True of Me
,,,,
True of me,True of me,True of me,True of me,Very True of Me
,,,,
True of me,Neutral,Very True of Me,Very True of Me,Neutral
Very True of Me,True of me,Neutral,True of me,Very True of Me
Very True of Me,True of me,True of me,Very True of Me,Very True of Me
True of me,Untrue of Me,True of me,True of me,True of me
,,,,
Very True of Me,Very True of Me,Very Untrue of Me,Neutral,Very True of Me
Very True of Me,Very True of Me,Neutral,True of me,Very True of Me
Very True of Me,Very True of Me,Untrue of Me,True of me,True of me
True of me,Untrue of Me,Very Untrue of Me,Neutral,True of me
True of me,True of me,Very Untrue of Me,Very True of Me,True of me
,,,,
Very True of Me,Very True of Me,Neutral,Very True of Me,True of me
,,,,
,,,,
Very True of Me,True of me,Untrue of Me,Neutral,Very True of Me
Untrue of Me,Very True of Me,Very Untrue of Me,True of me,True of me
,,,,
True of me,Neutral,Very Untrue of Me,True of me,Neutral
,,,,
Very True of Me,True of me,Untrue of Me,Very True of Me,True of me
True of me,True of me,Very Untrue of Me,Very Untrue of Me,True of me
Very True of Me,Neutral,True of me,True of me,True of me
,,,,
Very True of Me,Neutral,Untrue of Me,Neutral,Very True of Me
,,,,
Very True of Me,True of me,Very Untrue of Me,Very True of Me,Very True of Me
Very True of Me,Untrue of Me,True of me,True of me,Very True of Me
,,,,
,,,,
Very True of Me,True of me,True of me,Very True of Me,True of me
Very True of Me,Untrue of Me,Very Untrue of Me,Very Untrue of Me,Very True of Me
,,,,
,,,,
True of me,Neutral,Neutral,Neutral,Very True of Me
Very True of Me,Very Untrue of Me,Very True of Me,Very True of Me,Very Untrue of Me
Very True of Me,True of me,Untrue of Me,True of me,Very True of Me
Very True of Me,Neutral,Very Untrue of Me,Neutral,Very True of Me
Very True of Me,True of me,True of me,True of me,Very True of Me
,,,,
,,,,
True of me,Very True of Me,Untrue of Me,True of me,Very True of Me
Very True of Me,Very True of Me,Very Untrue of Me,Very Untrue of Me,Very True of Me
Very True of Me,Untrue of Me,Untrue of Me,True of me,Very True of Me
,,,,
,,,,
,,,,
True of me,True of me,Neutral,True of me,Very True of Me
Very True of Me,Neutral,Very Untrue of Me,Very True of Me,Very True of Me
,,,,
,,,,
,,,,
,,,,
Very True of Me,True of me,Neutral,True of me,Very True of Me
,,,,
True of me,True of me,True of me,True of me,True of me
Very True of Me,True of me,Neutral,True of me,True of me
Very True of Me,Neutral,Untrue of Me,True of me,Very True of Me
True of me,True of me,Very True of Me,Neutral,True of me
Very True of Me,Very True of Me,Untrue of Me,True of me,Very True of Me
,,,,
,,,,
Very True of Me,Very True of Me,Very True of Me,,Very True of Me
Very True of Me,Neutral,Neutral,Neutral,Very True of Me
True of me,True of me,True of me,Untrue of Me,Neutral
True of me,True of me,Very True of Me,Very True of Me,True of me
,,,,
True of me,Neutral,Untrue of Me,True of me,True of me
,,,,
True of me,Very Untrue of Me,Very Untrue of Me,Neutral,Very True of Me
True of me,Very True of Me,Neutral,Neutral,Very True of Me
,,,,
,,,,
,,,,
,,,,
,,,,
,,,,
Very True of Me,Neutral,Untrue of Me,Neutral,Very True of Me
,,,,
Very True of Me,True of me,True of me,True of me,Very True of Me
,,,,
,,,,
True of me,True of me,True of me,Neutral,Very True of Me
,,,,
,,,,
,,,,
Very True of Me,True of me,Untrue of Me,Very True of Me,True of me
,,,,
,,,,
,,,,
Very True of Me,Very True of Me,Very Untrue of Me,Very Untrue of Me,Very True of Me
Very True of Me,True of me,Untrue of Me,Neutral,Very True of Me
,,,,
True of me,True of me,True of me,Neutral,Very True of Me
True of me,True of me,Neutral,Very True of Me,True of me
True of me,Very True of Me,True of me,True of me,Very True of Me
Very True of Me,True of me,Neutral,Very True of Me,Very True of Me
Very True of Me,Very True of Me,Very True of Me,True of me,Very True of Me
,,,,
True of me,Very True of Me,Very Untrue of Me,Neutral,Very True of Me
Very True of Me,True of me,True of me,Very True of Me,Very True of Me
,,,,
Very True of Me,Very True of Me,Very Untrue of Me,Neutral,True of me
,,,,
Neutral,Very True of Me,True of me,True of me,True of me
True of me,Very True of Me,Very Untrue of Me,Untrue of Me,Very True of Me
True of me,True of me,Very Untrue of Me,Untrue of Me,True of me
,,,,
True of me,Untrue of Me,Untrue of Me,Untrue of Me,True of me
True of me,Neutral,Untrue of Me,Neutral,Very True of Me
Very Untrue of Me,True of me,Untrue of Me,Untrue of Me,Very True of Me
Very True of Me,Very True of Me,Very True of Me,Very True of Me,Very True of Me
,,,,
,,,,
,,,,
,,,,
,,,,
,,,,
Very True of Me,True of me,Untrue of Me,True of me,Very True of Me
,,,,
,,,,
,,,,
,,,,
,,,,
,,,,
,,,,
,,,,
,,,,
,,,,
,,,,
,,,,
,,,,
Very True of Me,Neutral,Untrue of Me,True of me,Untrue of Me
True of me,True of me,True of me,True of me,True of me
,,,,
,,,,
Very True of Me,Very Untrue of Me,Very Untrue of Me,Very True of Me,True of me
True of me,Neutral,Untrue of Me,Untrue of Me,True of me
True of me,Very True of Me,Neutral,Neutral,Very True of Me
,,,,
Neutral,Neutral,Neutral,Neutral,Very True of Me
Very True of Me,Very True of Me,True of me,True of me,Very True of Me
Very True of Me,Neutral,Very Untrue of Me,Very True of Me,Very True of Me
Very True of Me,True of me,True of me,Very True of Me,Very True of Me
Very True of Me,Very True of Me,Very Untrue of Me,Neutral,Very True of Me
True of me,Neutral,Neutral,True of me,Very True of Me
Neutral,Very True of Me,Untrue of Me,True of me,Very True of Me
Very True of Me,True of me,Untrue of Me,Neutral,Very True of Me
Very True of Me,Very True of Me,True of me,True of me,Very True of Me
Very True of Me,True of me,Very True of Me,Very True of Me,Very True of Me
,,,,
Very True of Me,Neutral,Neutral,True of me,Very True of Me
,,,,
Very True of Me,True of me,Neutral,Very True of Me,Very True of Me
,,,,
,,,,
,,,,
,,,,
True of me,Very Untrue of Me,Neutral,True of me,Neutral
,,,,
,,,,
Very True of Me,Untrue of Me,True of me,Neutral,True of me
,,,,
Very True of Me,True of me,Very Untrue of Me,Neutral,Neutral
Very True of Me,Very True of Me,Neutral,Neutral,Very True of Me
,,,,
,,,,
,,,,
,,,,
Very True of Me,Very True of Me,Neutral,Very True of Me,Very True of Me
,,,,
,,,,
True of me,True of me,Untrue of Me,True of me,Very True of Me
,,,,
,,,,
,,,,
,,,,
,,,,
,,,,
,,,,
,,,,
,,,,
,,,,
,,,,
,,,,
,,,,
,,,,
,,,,
,,,,
,,,,
,,,,
,,,,
True of me,Untrue of Me,Neutral,Very Untrue of Me,Very True of Me
Very True of Me,True of me,True of me,True of me,Very True of Me
Very True of Me,Very True of Me,,True of me,Very True of Me
Very True of Me,Very True of Me,Neutral,Very True of Me,Very True of Me
Very True of Me,Very True of Me,Very Untrue of Me,True of me,Very True of Me
True of me,Very True of Me,True of me,Neutral,Very True of Me
True of me,Very True of Me,Very True of Me,True of me,Very True of Me
True of me,Very True of Me,,Neutral,Very True of Me
Very True of Me,Untrue of Me,Very Untrue of Me,Untrue of Me,Neutral
,,,,
,,,,
True of me,Untrue of Me,True of me,Untrue of Me,True of me
,,,,
,,,,
,,,,
,,,,
Very True of Me,Very True of Me,Untrue of Me,Neutral,Very True of Me
,,,,
,,,,
,,,,
,,,,
,,,,
,,,,
,,,,
,,,,
,,,,
,,,,
,,,,
True of me,True of me,True of me,True of me,True of me
,,,,
Very True of Me,Neutral,True of me,True of me,Very True of Me
,,,,
Neutral,True of me,Very Untrue of Me,Neutral,True of me
,,,,
,,,,
,,,,
,,,,
,,,,
,,,,
Very True of Me,Very True of Me,Untrue of Me,True of me,True of me
,,,,
,,,,
,,,,
,,,,
,,,,
,,,,
,,,,
,,,,
,,,,
,,,,
,,,,
,,,,
,,,,
,,,,
,,,,
,,,,
,,,,
,,,,
,,,,
,,,,
,,,,
,,,,
,,,,
,,,,
,,,,
,,,,
,,,,
,,,,
,,,,
,,,,
,,,,
,,,,
,,,,
,,,,
,,,,
,,,,
,,,,
,,,,
,,,,
,,,,
,,,,
,,,,
,,,,
Very True of Me,Very True of Me,Very Untrue of Me,Very True of Me,Very True of Me
True of me,Very True of Me,True of me,True of me,Very True of Me
,,,,
True of me,True of me,Neutral,Neutral,True of me
Neutral,Untrue of Me,Very True of Me,Neutral,True of me
,,,,
True of me,True of me,Untrue of Me,Neutral,True of me
,,,,
Very True of Me,True of me,Neutral,Very True of Me,True of me
,,,,
,,,,
,,,,
,,,,
True of me,Very True of Me,True of me,True of me,Very True of Me
,,,,
,,,,
,,,,
True of me,Very True of Me,Very True of Me,True of me,Very True of Me
,,,,
,,,,
True of me,Very Untrue of Me,Very True of Me,True of me,True of me
,,,,
,,,,
,,,,
,,,,
Very True of Me,Very True of Me,Very True of Me,True of me,Neutral
,,,,
,,,,
,,,,
,,,,
,,,,
,,,,
,,,,
,,,,
,,,,
,,,,
,,,,
,,,,
,,,,
,,,,
,,,,
,,,,
,,,,
,,,,
,,,,
,,,,
,,,,
,,,,
,,,,
,,,,
,,,,
,,,,
,,,,
,,,,
,,,,
,,,,
,,,,
,,,,
,,,,
,,,,
,,,,
,,,,
,,,,
,,,,
,,,,
,,,,
,,,,
,,,,
,,,,
,,,,
,,,,
,,,,
,,,,
,,,,
,,,,
,,,,
,,,,
,,,,
,,,,
,,,,
,,,,
,,,,
,,,,
,,,,
,,,,
,,,,
,,,,
,,,,
,,,,
,,,,
,,,,
,,,,
,,,,
,,,,
,,,,
,,,,
,,,,
Very True of Me,Very True of Me,Very True of Me,Very True of Me,Very True of Me
,,,,
,,,,
True of me,Very True of Me,Untrue of Me,Very True of Me,Very True of Me
,,,,
,,,,
Very True of Me,True of me,True of me,Very True of Me,Very True of Me
,,,,
,,,,
,,,,
,,,,
,,,,
,,,,
,,,,
,,,,
,,,,
,,,,
,,,,
,,,,
,,,,
,,,,
,,,,
,,,,
,,,,
,,,,
,,,,
,,,,
,,,,
,,,,
,,,,
,,,,
,,,,
,,,,
,,,,
,,,,
,,,,
,,,,
,,,,
Very True of Me,True of me,True of me,True of me,Very True of Me
Very True of Me,True of me,Neutral,Neutral,Very True of Me
Very True of Me,,True of me,True of me,Very True of Me
Very True of Me,Neutral,True of me,True of me,Very True of Me
Very True of Me,Very True of Me,Neutral,Very True of Me,Very True of Me
True of me,Neutral,Neutral,Neutral,Neutral
True of me,Very True of Me,Neutral,Neutral,Very True of Me
,,,,
,,,,
,,,,
,,,,
,,,,
,,,,
,,,,
,,,,
True of me,True of me,True of me,Untrue of Me,Very True of Me
,,,,
,,,,
Very True of Me,Very True of Me,Very True of Me,Very True of Me,Very True of Me
,,,,
,,,,
,,,,
Very True of Me,Very True of Me,True of me,Neutral,Very True of Me
,,,,
,,,,
,,,,
,,,,
,,,,
,,,,
,,,,
,,,,
,,,,
,,,,
,,,,
True of me,True of me,True of me,Neutral,True of me
,,,,
,,,,
,,,,
,,,,
,,,,
,,,,
,,,,
,,,,
,,,,
,,,,
,,,,
,,,,
,,,,
,,,,
,,,,
,,,,
,,,,
,,,,
,,,,
,,,,
,,,,
,,,,
,,,,
,,,,
,,,,
,,,,
,,,,
Very True of Me,True of me,Neutral,Neutral,Very True of Me
Very True of Me,True of me,Untrue of Me,Neutral,Very True of Me
,,,,
,,,,
,,,,
,,,,
,,,,
,,,,
,,,,
,,,,
,,,,
,,,,
,,,,
,,,,
,,,,
,,,,
,,,,
,,,,
,,,,
,,,,
,,,,
,,,,
,,,,
,,,,
,,,,
,,,,
,,,,
,,,,
,,,,
,,,,
,,,,
,,,,
,,,,
,,,,
,,,,
,,,,
,,,,
,,,,
,,,,
,,,,
,,,,
,,,,
,,,,
,,,,
,,,,
,,,,
,,,,
,,,,
,,,,
,,,,
,,,,
,,,,
,,,,
,,,,
,,,,
,,,,
,,,,
,,,,
,,,,
,,,,
,,,,
,,,,
,,,,
,,,,
,,,,
,,,,
,,,,
,,,,
,,,,
,,,,
,,,,
,,,,
True of me,Untrue of Me,Neutral,True of me,True of me
,,,,
,,,,
,,,,
,,,,
,,,,
,,,,
,,,,
,,,,
,,,,
,,,,
Very True of Me,Very True of Me,Neutral,Neutral,Very True of Me
True of me,Very True of Me,Neutral,Neutral,Very True of Me
,,,,
,,,,
,,,,
,,,,
,,,,
,,,,
,,,,
,,,,
,,,,
,,,,
,,,,
,,,,
,,,,
,,,,
Very True of Me,Very True of Me,Untrue of Me,True of me,Very True of Me
True of me,Very True of Me,True of me,Neutral,Very True of Me
,,,,
,,,,
,,,,
,,,,
,,,,
,,,,
,,,,
,,,,
Very True of Me,Very True of Me,Neutral,Neutral,Very True of Me
,,,,
,,,,
,,,,
,,,,
,,,,
,,,,
Very True of Me,Very True of Me,Neutral,Very True of Me,Very True of Me
,,,,
,,,,
Very True of Me,Very True of Me,Very True of Me,True of me,Very True of Me
,,,,
,,,,
,,,,
,,,,
,,,,
,,,,
,,,,
,,,,
True of me,True of me,Neutral,True of me,True of me
,,,,
,,,,
,,,,
True of me,Neutral,True of me,Untrue of Me,True of me
,,,,
,,,,
,,,,
,,,,
,,,,
,,,,
,,,,
,,,,
,,,,
,,,,
,,,,
,,,,
,,,,
,,,,
,,,,
,,,,
,,,,
,,,,
,,,,
,,,,
,,,,
,,,,
,,,,
,,,,
,,,,
,,,,
,,,,
,,,,
,,,,
,,,,
,,,,
,,,,
,,,,
True of me,Neutral,True of me,Very True of Me,Very True of Me
,,,,
,,,,
,,,,
,,,,
,,,,
,,,,
,,,,
,,,,
,,,,
,,,,
,,,,
,,,,
,,,,
,,,,
,,,,
,,,,
,,,,
,,,,
,,,,
,,,,
,,,,
,,,,
,,,,
,,,,
,,,,
,,,,
,,,,
,,,,
,,,,
,,,,
,,,,
,,,,
,,,,
,,,,
,,,,
,,,,
,,,,
,,,,
,,,,
,,,,
,,,,
,,,,
True of me,Very True of Me,Untrue of Me,Neutral,Very True of Me
,,,,
Very True of Me,Very True of Me,Neutral,True of me,Very True of Me
,,,,
,,,,
,,,,
,,,,
,,,,
,,,,
,,,,
,,,,
,,,,
,,,,
,,,,
,,,,
,,,,
,,,,
,,,,
,,,,
,,,,
,,,,
,,,,
,,,,
,,,,
,,,,
,,,,
,,,,
,,,,
,,,,
,,,,
,,,,
Very Untrue of Me,Neutral,Neutral,Very Untrue of Me,Very Untrue of Me
,,,,
,,,,
,,,,
,,,,
,,,,
,,,,
,,,,
,,,,
,,,,
,,,,
,,,,
,,,,
,,,,
,,,,
,,,,
,,,,
,,,,
,,,,
,,,,
,,,,
,,,,
,,,,
,,,,
,,,,
,,,,
,,,,
,,,,
,,,,
,,,,
,,,,
,,,,
,,,,
,,,,
,,,,
,,,,
,,,,
,,,,
,,,,
,,,,
,,,,
,,,,
,,,,
,,,,
Very True of Me,True of me,Untrue of Me,True of me,True of me
,,,,
,,,,
,,,,
,,,,
,,,,
,,,,
,,,,
,,,,
,,,,
Very True of Me,Neutral,True of me,Neutral,True of me
,,,,
,,,,
,,,,
,,,,
,,,,
,,,,
,,,,
,,,,
,,,,
,,,,
True of me,Neutral,Neutral,True of me,Very True of Me
,,,,
,,,,
,,,,
,,,,
,,,,
,,,,
True of me,True of me,True of me,Neutral,Very True of Me
,,,,
,,,,
,,,,
,,,,
,,,,
,,,,
,,,,
,,,,
,,,,
Very True of Me,Very True of Me,Neutral,True of me,Very True of Me
Very True of Me,Very True of Me,True of me,True of me,Very True of Me
,,,,
Very True of Me,Very Untrue of Me,Neutral,True of me,Neutral
,,,,
,,,,
,,,,
,,,,
,,,,
,,,,
Very True of Me,Neutral,Very True of Me,Very True of Me,Very True of Me
Neutral,Neutral,True of me,True of me,Neutral
,,,,
,,,,
,,,,
,,,,
,,,,
,,,,
,,,,
,,,,
,,,,
,,,,
,,,,
,,,,
,,,,
,,,,
,,,,
,,,,
,,,,
,,,,
,,,,
,,,,
,,,,
,,,,
,,,,
,,,,
,,,,
,,,,
,,,,
,,,,
,,,,
,,,,
,,,,
,,,,
,,,,
,,,,
,,,,
,,,,
,,,,
,,,,
,,,,
,,,,
,,,,
,,,,
,,,,
,,,,
,,,,
,,,,
,,,,
,,,,
,,,,
,,,,
,,,,
,,,,
,,,,
,,,,
,,,,
,,,,
,,,,
,,,,
,,,,
,,,,
,,,,
,,,,
,,,,
,,,,
,,,,
,,,,
,,,,
,,,,
,,,,
,,,,
,,,,
,,,,
,,,,
,,,,
,,,,
,,,,
,,,,
,,,,
Very True of Me,Neutral,Untrue of Me,Untrue of Me,Very True of Me
,,,,
,,,,
,,,,
,,,,
,,,,
,,,,
,,,,
,,,,
,,,,
,,,,
,,,,
,,,,
,,,,
,,,,
,,,,
,,,,
,,,,
,,,,
,,,,
,,,,
,,,,
,,,,
,,,,
,,,,
,,,,
,,,,
True of me,True of me,True of me,Very True of Me,Very True of Me
,,,,
,,,,
Very True of Me,Very True of Me,True of me,True of me,Very True of Me
,,,,
,,,,
,,,,
,,,,
,,,,
,,,,
,,,,
True of me,Very True of Me,True of me,True of me,True of me
,,,,
,,,,
True of me,True of me,Untrue of Me,True of me,True of me
,,,,
,,,,
,,,,
,,,,
,,,,
,,,,
,,,,
,,,,
,,,,
,,,,
,,,,
,,,,
,,,,
,,,,
,,,,
,,,,
Very True of Me,Very True of Me,True of me,Neutral,Very True of Me
,,,,
,,,,
,,,,
,,,,
,,,,
,,,,
,,,,
,,,,
,,,,
,,,,
,,,,
,,,,
,,,,
,,,,
,,,,
,,,,
,,,,
,,,,
,,,,
,,,,
,,,,
,,,,
,,,,
,,,,
,,,,
,,,,
,,,,
True of me,True of me,True of me,True of me,True of me
,,,,
,,,,
,,,,
,,,,
,,,,
,,,,
,,,,
,,,,
,,,,
,,,,
,,,,
,,,,
,,,,
,,,,
,,,,
Very Untrue of Me,Very Untrue of Me,True of me,Very True of Me,Neutral
Very True of Me,True of me,True of me,True of me,Very True of Me
Neutral,True of me,Untrue of Me,Untrue of Me,True of me
,,,,
Neutral,True of me,Neutral,Neutral,True of me
,,,,
,,,,
,,,,
,,,,
,,,,
,,,,
,,,,
,,,,
,,,,
,,,,
,,,,
,,,,
,,,,
,,,,
,,,,
,,,,
,,,,
,,,,
,,,,
,,,,
,,,,
,,,,
,,,,
,,,,
,,,,
Very True of Me,Very True of Me,Neutral,Neutral,True of me
,,,,
,,,,
,,,,
,,,,
,,,,
,,,,
Very True of Me,Very True of Me,Untrue of Me,True of me,Very True of Me
,,,,
,,,,
,,,,
,,,,
,,,,
,,,,
,,,,
,,,,
,,,,
,,,,
,,,,
,,,,
,,,,
,,,,
,,,,
,,,,
,,,,
,,,,
,,,,
,,,,
,,,,
,,,,
,,,,
,,,,
,,,,
,,,,
,,,,
,,,,
,,,,
,,,,
,,,,
,,,,
,,,,
,,,,
,,,,
,,,,
,,,,
,,,,
,,,,
,,,,
,,,,
,,,,
,,,,
,,,,
,,,,
,,,,
,,,,
,,,,
,,,,
,,,,
,,,,
,,,,
,,,,
,,,,
Neutral,Neutral,Very True of Me,Very True of Me,True of me
,,,,
,,,,
,,,,
,,,,
,,,,
,,,,
,,,,
,,,,
,,,,
,,,,
,,,,
,,,,
,,,,
,,,,
,,,,
,,,,
,,,,
,,,,
,,,,
,,,,
,,,,
,,,,
,,,,
,,,,
,,,,
,,,,
,,,,
,,,,
,,,,
,,,,
,,,,
,,,,
,,,,
,,,,
,,,,
,,,,
,,,,
,,,,
,,,,
,,,,
,,,,
,,,,
,,,,
,,,,
,,,,
,,,,
,,,,
,,,,
,,,,
,,,,
,,,,
,,,,
,,,,
,,,,
,,,,
,,,,
,,,,
,,,,
,,,,
True of me,True of me,Untrue of Me,True of me,True of me
,,,,
,,,,
,,,,
,,,,
,,,,
,,,,
,,,,
,,,,
,,,,
,,,,
,,,,
Very True of Me,Neutral,Very True of Me,Neutral,Very True of Me
,,,,
,,,,
,,,,
,,,,
,,,,
,,,,
,,,,
,,,,
,,,,
,,,,
,,,,
,,,,
,,,,
,,,,
,,,,
,,,,
,,,,
,,,,
,,,,
,,,,
,,,,
,,,,
,,,,
,,,,
,,,,
,,,,
,,,,
,,,,
,,,,
,,,,
,,,,
,,,,
,,,,
,,,,
,,,,
,,,,
Very True of Me,Very True of Me,True of me,True of me,True of me
,,,,
,,,,
,,,,
,,,,
Very True of Me,Very True of Me,Neutral,True of me,True of me
,,,,
,,,,
,,,,
,,,,
,,,,
,,,,
,,,,
,,,,
,,,,
,,,,
,,,,
,,,,
,,,,
,,,,
,,,,
,,,,
,,,,
,,,,
,,,,
,,,,
,,,,
,,,,
,,,,
Neutral,Neutral,Neutral,Neutral,Very True of Me
,,,,
Very True of Me,True of me,Untrue of Me,True of me,True of me
Very True of Me,Very True of Me,Very Untrue of Me,Neutral,Very True of Me
,,,,
,,,,
,,,,
,,,,
,,,,
,,,,
,,,,
,,,,
,,,,
,,,,
,,,,
,,,,
,,,,
,,,,
,,,,
,,,,
,,,,
,,,,
,,,,
,,,,
,,,,
,,,,
,,,,
,,,,
,,,,
,,,,
,,,,
,,,,
,,,,
,,,,
,,,,
,,,,
,,,,
,,,,
,,,,
,,,,
,,,,
,,,,
,,,,
,,,,
,,,,
,,,,
,,,,
,,,,
,,,,
,,,,
,,,,
,,,,
,,,,
,,,,
,,,,
,,,,
,,,,
,,,,
,,,,
,,,,
,,,,
,,,,
,,,,
,,,,
,,,,
,,,,
,,,,
,,,,
,,,,
,,,,
,,,,
,,,,
,,,,
,,,,
,,,,
,,,,
,,,,
,,,,
,,,,
,,,,
Very True of Me,True of me,True of me,Very True of Me,Very True of Me
,,,,
,,,,
,,,,
,,,,
,,,,
True of me,True of me,Neutral,True of me,True of me
,,,,
,,,,
,,,,
,,,,
True of me,True of me,Neutral,Neutral,True of me
,,,,
Very True of Me,True of me,True of me,True of me,Very True of Me
,,,,
,,,,
,,,,
,,,,
,,,,
,,,,
,,,,
,,,,
Very True of Me,True of me,Untrue of Me,Neutral,Very True of Me
,,,,
,,,,
,,,,
Very True of Me,True of me,True of me,True of me,Very True of Me
,,,,
,,,,
,,,,
,,,,
,,,,
,,,,
,,,,
,,,,
,,,,
,,,,
,,,,
,,,,
,,,,
,,,,
Very True of Me,True of me,Very True of Me,True of me,True of me
,,,,
,,,,
,,,,
,,,,
,,,,
,,,,
,,,,
,,,,
,,,,
,,,,
,,,,
,,,,
,,,,
,,,,
,,,,
,,,,
,,,,
,,,,
,,,,
,,,,
,,,,
,,,,
,,,,
,,,,
,,,,
,,,,
,,,,
,,,,
,,,,
,,,,
,,,,
,,,,
,,,,
,,,,
,,,,
,,,,
,,,,
,,,,
,,,,
,,,,
,,,,
,,,,
,,,,
,,,,
,,,,
,,,,
,,,,
,,,,
,,,,
,,,,
,,,,
,,,,
,,,,
,,,,
,,,,
,,,,
,,,,
,,,,
True of me,Very True of Me,Neutral,True of me,True of me
,,,,
,,,,
,,,,
,,,,
,,,,
,,,,
,,,,
,,,,
,,,,
,,,,
,,,,
Very True of Me,Very True of Me,Untrue of Me,Neutral,Very True of Me
,,,,
,,,,
,,,,
,,,,
,,,,
,,,,
Very True of Me,Neutral,Neutral,Very True of Me,Neutral
Very True of Me,Very True of Me,Neutral,Very True of Me,Very True of Me
True of me,Very True of Me,Untrue of Me,Neutral,Very True of Me
Very True of Me,Very True of Me,Untrue of Me,True of me,Very True of Me
Very True of Me,,,,True of me
,,,,
,,,,
,,,,
,,,,
,,,,
,,,,
,,,,
,,,,
,,,,
,,,,
Very True of Me,True of me,Neutral,True of me,Very True of Me
,,,,
,,,,
Very True of Me,True of me,Untrue of Me,True of me,True of me
,,,,
,,,,
,,,,
,,,,
,,,,
,,,,
,,,,
,,,,
,,,,
,,,,
,,,,
,,,,
,,,,
,,,,
,,,,
,,,,
,,,,
,,,,
,,,,
,,,,
,,,,
,,,,
,,,,
,,,,
,,,,
,,,,
,,,,
,,,,
,,,,
,,,,
,,,,
,,,,
,,,,
,,,,
,,,,
,,,,
True of me,Untrue of Me,Neutral,True of me,Neutral
,,,,
,,,,
,,,,
,,,,
,,,,
,,,,
,,,,
,,,,
,,,,
,,,,
,,,,
,,,,
,,,,
,,,,
,,,,
,,,,
,,,,
,,,,
,,,,
,,,,
,,,,
,,,,
,,,,
,,,,
,,,,
,,,,
,,,,
,,,,
,,,,
Very True of Me,Very Untrue of Me,Very Untrue of Me,Very Untrue of Me,True of me
,,,,
,,,,
,,,,
,,,,
,,,,
,,,,
,,,,
True of me,Untrue of Me,Very Untrue of Me,Neutral,Neutral
,,,,
,,,,
,,,,
,,,,
True of me,True of me,True of me,True of me,True of me
,,,,
,,,,
,,,,
,,,,
,,,,
,,,,
,,,,
,,,,
,,,,
,,,,
,,,,
,,,,
,,,,
,,,,
,,,,
,,,,
,,,,
,,,,
,,,,
,,,,
,,,,
,,,,
,,,,
,,,,
,,,,
,,,,
,,,,
,,,,
,,,,
,,,,
,,,,
,,,,
,,,,
,,,,
,,,,
,,,,
,,,,
,,,,
,,,,
,,,,
,,,,
,,,,
,,,,
,,,,
,,,,
,,,,
Very True of Me,Very True of Me,Very True of Me,Very True of Me,Very True of Me
,,,,
,,,,
,,,,
,,,,
,,,,
,,,,
,,,,
,,,,
,,,,
,,,,
,,,,
,,,,
Very True of Me,Very True of Me,Very True of Me,Very True of Me,Very True of Me
,,,,
Very True of Me,Neutral,Neutral,Neutral,True of me
,,,,
,,,,
,,,,
,,,,
,,,,
,,,,
,,,,
,,,,
Very True of Me,Very True of Me,True of me,Untrue of Me,Very True of Me
,,,,
,,,,
,,,,
Very True of Me,Very True of Me,True of me,True of me,Very True of Me
,,,,
,,,,
,,,,
,,,,
,,,,
,,,,
,,,,
,,,,
,,,,
,,,,
,,,,
,,,,
,,,,
,,,,
,,,,
,,,,
,,,,
,,,,
,,,,
,,,,
,,,,
,,,,
,,,,
,,,,
,,,,
,,,,
,,,,
,,,,
,,,,
,,,,
Very True of Me,Very True of Me,Neutral,True of me,Very True of Me
True of me,Neutral,Very Untrue of Me,True of me,Neutral
Very True of Me,Very True of Me,True of me,Very True of Me,True of me
,,,,
,,,,
,,,,
,,,,
,,,,
Very True of Me,Very True of Me,Untrue of Me,True of me,True of me
,,,,
,,,,
,,,,
,,,,
True of me,Untrue of Me,Untrue of Me,True of me,True of me
,,,,
,,,,
,,,,
,,,,
,,,,
,,,,
,,,,
,,,,
,,,,
,,,,
,,,,
,,,,
,,,,
,,,,
,,,,
,,,,
,,,,
,,,,
,,,,
,,,,
,,,,
,,,,
,,,,
,,,,
,,,,
,,,,
,,,,
,,,,
,,,,
,,,,
,,,,
,,,,
,,,,
,,,,
,,,,
,,,,
,,,,
,,,,
,,,,
,,,,
,,,,
,,,,
,,,,
,,,,
,,,,
,,,,
True of me,True of me,True of me,Neutral,Very True of Me
,,,,
,,,,
,,,,
,,,,
,,,,
,,,,
,,,,
,,,,
,,,,
,,,,
,,,,
,,,,
,,,,
,,,,
,,,,
,,,,
Very True of Me,Very True of Me,Very True of Me,Very True of Me,Very True of Me
,,,,
True of me,Neutral,Untrue of Me,Very True of Me,True of me
,,,,
,,,,
,,,,
,,,,
,,,,
,,,,
,,,,
,,,,
,,,,
,,,,
,,,,
,,,,
,,,,
,,,,
,,,,
,,,,
,,,,
,,,,
,,,,
Very True of Me,True of me,True of me,True of me,Very True of Me
,,,,
,,,,
,,,,
,,,,
,,,,
True of me,Very True of Me,True of me,True of me,Very True of Me
,,,,
,,,,
,,,,
,,,,
,,,,
,,,,
,,,,
,,,,
,,,,
,,,,
,,,,
,,,,
,,,,
,,,,
,,,,
,,,,
,,,,
,,,,
,,,,
,,,,
,,,,
,,,,
True of me,Neutral,True of me,True of me,True of me
,,,,
,,,,
,,,,
,,,,
,,,,
Very True of Me,Very True of Me,Untrue of Me,Untrue of Me,Very True of Me
,,,,
Very True of Me,Very True of Me,Very Untrue of Me,Very Untrue of Me,Very True of Me
,,,,
,,,,
,,,,
True of me,True of me,True of me,True of me,True of me
,,,,
,,,,
,,,,
,,,,
,,,,
,,,,
,,,,
,,,,
,,,,
,,,,
,,,,
,,,,
,,,,
,,,,
,,,,
,,,,
,,,,
,,,,
,,,,
,,,,
,,,,
,,,,
,,,,
Very True of Me,True of me,Neutral,True of me,Very True of Me
,,,,
,,,,
,,,,
,,,,
,,,,
,,,,
,,,,
,,,,
,,,,
,,,,
,,,,
,,,,
,,,,
,,,,
,,,,
,,,,
,,,,
,,,,
,,,,
,,,,
,,,,
,,,,
,,,,
,,,,
,,,,
,,,,
,,,,
,,,,
,,,,
,,,,
,,,,
,,,,
,,,,
,,,,
,,,,
,,,,
,,,,
,,,,
,,,,
,,,,
Very True of Me,Neutral,True of me,True of me,True of me
,,,,
,,,,
,,,,
,,,,
,,,,
Very True of Me,Very True of Me,Very True of Me,Very True of Me,Very True of Me